{"cameraMode":{"drawMode":0,"name":"Shaded","section":"Shading Mode"},"sceneLighting":false,"audioPlay":false,"sceneViewState":{"m_AlwaysRefresh":false,"showFog":true,"showSkybox":false,"showFlares":true,"showImageEffects":true,"showParticleSystems":true,"showVisualEffectGraphs":true,"m_FxEnabled":true},"in2DMode":false,"pivot":{"x":-0.39491593837738039,"y":-0.8055288195610046,"z":-0.16344408690929414},"rotation":{"x":0.10421264916658402,"y":0.7211258411407471,"z":-0.11120811104774475,"w":0.6758531928062439},"size":2.0134918689727785,"orthographic":false}