{"cameraMode":{"drawMode":0,"name":"Shaded","section":"Shading Mode"},"sceneLighting":false,"audioPlay":false,"sceneViewState":{"m_AlwaysRefresh":false,"showFog":true,"showSkybox":false,"showFlares":true,"showImageEffects":true,"showParticleSystems":true,"showVisualEffectGraphs":true,"m_FxEnabled":true},"in2DMode":false,"pivot":{"x":0.4488798975944519,"y":-0.39422544836997988,"z":-0.3360138535499573},"rotation":{"x":0.036995790898799899,"y":0.7592126727104187,"z":-0.04332210496068001,"w":0.6483469009399414},"size":1.4594441652297974,"orthographic":false}