{"cameraMode":{"drawMode":0,"name":"Shaded","section":"Shading Mode"},"sceneLighting":false,"audioPlay":false,"sceneViewState":{"m_AlwaysRefresh":false,"showFog":true,"showSkybox":false,"showFlares":true,"showImageEffects":true,"showParticleSystems":true,"showVisualEffectGraphs":true,"m_FxEnabled":true},"in2DMode":false,"pivot":{"x":-0.013103360310196877,"y":-0.7900627255439758,"z":0.7395764589309692},"rotation":{"x":-0.0038475245237350466,"y":0.9959275126457214,"z":-0.07364270836114884,"w":-0.052033644169569018},"size":4.225635528564453,"orthographic":false}